,filename,tinstability
0,nonresIC0.bin,
1,nonresIC1.bin,
2,nonresIC2.bin,
3,nonresIC3.bin,
4,nonresIC4.bin,
5,nonresIC5.bin,
6,nonresIC6.bin,
7,nonresIC7.bin,
8,nonresIC8.bin,
9,nonresIC9.bin,
10,nonresIC10.bin,
11,nonresIC11.bin,
12,nonresIC12.bin,
13,nonresIC13.bin,
14,nonresIC14.bin,
15,nonresIC15.bin,
16,nonresIC16.bin,
17,nonresIC17.bin,
18,nonresIC18.bin,
19,nonresIC19.bin,
20,nonresIC20.bin,
21,nonresIC21.bin,
22,nonresIC22.bin,
23,nonresIC23.bin,
24,nonresIC24.bin,
25,nonresIC25.bin,
26,nonresIC26.bin,
27,nonresIC27.bin,
28,nonresIC28.bin,
29,nonresIC29.bin,
30,nonresIC30.bin,
31,nonresIC31.bin,
32,nonresIC32.bin,
33,nonresIC33.bin,
34,nonresIC34.bin,
35,nonresIC35.bin,
36,nonresIC36.bin,
37,nonresIC37.bin,
38,nonresIC38.bin,
39,nonresIC39.bin,
40,nonresIC40.bin,
41,nonresIC41.bin,
42,nonresIC42.bin,
43,nonresIC43.bin,
44,nonresIC44.bin,
45,nonresIC45.bin,
46,nonresIC46.bin,
47,nonresIC47.bin,
48,nonresIC48.bin,
49,nonresIC49.bin,
50,nonresIC50.bin,
51,nonresIC51.bin,
52,nonresIC52.bin,
53,nonresIC53.bin,
54,nonresIC54.bin,
55,nonresIC55.bin,
56,nonresIC56.bin,
57,nonresIC57.bin,
58,nonresIC58.bin,
59,nonresIC59.bin,
60,nonresIC60.bin,
61,nonresIC61.bin,
62,nonresIC62.bin,
63,nonresIC63.bin,
64,nonresIC64.bin,
65,nonresIC65.bin,
66,nonresIC66.bin,
67,nonresIC67.bin,
68,nonresIC68.bin,
69,nonresIC69.bin,
70,nonresIC70.bin,
71,nonresIC71.bin,
72,nonresIC72.bin,
73,nonresIC73.bin,
74,nonresIC74.bin,
75,nonresIC75.bin,
76,nonresIC76.bin,
77,nonresIC77.bin,
78,nonresIC78.bin,
79,nonresIC79.bin,
80,nonresIC80.bin,
81,nonresIC81.bin,
82,nonresIC82.bin,
83,nonresIC83.bin,
84,nonresIC84.bin,
85,nonresIC85.bin,
86,nonresIC86.bin,
87,nonresIC87.bin,
88,nonresIC88.bin,
89,nonresIC89.bin,
90,nonresIC90.bin,
91,nonresIC91.bin,
92,nonresIC92.bin,
93,nonresIC93.bin,
94,nonresIC94.bin,
95,nonresIC95.bin,
96,nonresIC96.bin,
97,nonresIC97.bin,
98,nonresIC98.bin,
99,nonresIC99.bin,
100,nonresIC100.bin,
101,nonresIC101.bin,
102,nonresIC102.bin,
103,nonresIC103.bin,
104,nonresIC104.bin,
105,nonresIC105.bin,
106,nonresIC106.bin,
107,nonresIC107.bin,
108,nonresIC108.bin,
109,nonresIC109.bin,
110,nonresIC110.bin,
111,nonresIC111.bin,
112,nonresIC112.bin,
113,nonresIC113.bin,
114,nonresIC114.bin,
115,nonresIC115.bin,
116,nonresIC116.bin,
117,nonresIC117.bin,
118,nonresIC118.bin,
119,nonresIC119.bin,
120,nonresIC120.bin,
121,nonresIC121.bin,
122,nonresIC122.bin,
123,nonresIC123.bin,
124,nonresIC124.bin,
125,nonresIC125.bin,
126,nonresIC126.bin,
127,nonresIC127.bin,
128,nonresIC128.bin,
129,nonresIC129.bin,
130,nonresIC130.bin,
131,nonresIC131.bin,
132,nonresIC132.bin,
133,nonresIC133.bin,
134,nonresIC134.bin,
135,nonresIC135.bin,
136,nonresIC136.bin,
137,nonresIC137.bin,
138,nonresIC138.bin,
139,nonresIC139.bin,
140,nonresIC140.bin,
141,nonresIC141.bin,
142,nonresIC142.bin,
143,nonresIC143.bin,
144,nonresIC144.bin,
145,nonresIC145.bin,
146,nonresIC146.bin,
147,nonresIC147.bin,
148,nonresIC148.bin,
149,nonresIC149.bin,
150,nonresIC150.bin,
151,nonresIC151.bin,
152,nonresIC152.bin,
153,nonresIC153.bin,
154,nonresIC154.bin,
155,nonresIC155.bin,
156,nonresIC156.bin,
157,nonresIC157.bin,
158,nonresIC158.bin,
159,nonresIC159.bin,
160,nonresIC160.bin,
161,nonresIC161.bin,
162,nonresIC162.bin,
163,nonresIC163.bin,
164,nonresIC164.bin,
165,nonresIC165.bin,
166,nonresIC166.bin,
167,nonresIC167.bin,
168,nonresIC168.bin,
169,nonresIC169.bin,
170,nonresIC170.bin,
171,nonresIC171.bin,
172,nonresIC172.bin,
173,nonresIC173.bin,
174,nonresIC174.bin,
175,nonresIC175.bin,
176,nonresIC176.bin,
177,nonresIC177.bin,
178,nonresIC178.bin,
179,nonresIC179.bin,
180,nonresIC180.bin,
181,nonresIC181.bin,
182,nonresIC182.bin,
183,nonresIC183.bin,
184,nonresIC184.bin,
185,nonresIC185.bin,
186,nonresIC186.bin,
187,nonresIC187.bin,
188,nonresIC188.bin,
189,nonresIC189.bin,
190,nonresIC190.bin,
191,nonresIC191.bin,
192,nonresIC192.bin,
193,nonresIC193.bin,
194,nonresIC194.bin,
195,nonresIC195.bin,
196,nonresIC196.bin,
197,nonresIC197.bin,
198,nonresIC198.bin,
199,nonresIC199.bin,
